{
  "flat": {
    "BM25": {
      "1": {
        "questions": 622,
        "hit_at_k": 0.7556270096463023,
        "mrr": 0.7556270096463023,
        "ndcg_at_k": 0.7556270096463023,
        "avg_latency_ms": 2.223718985713048
      },
      "3": {
        "questions": 622,
        "hit_at_k": 0.8697749196141479,
        "mrr": 0.804930332261522,
        "ndcg_at_k": 0.8215418804662399,
        "avg_latency_ms": 2.1717353299364204
      },
      "5": {
        "questions": 622,
        "hit_at_k": 0.9019292604501608,
        "mrr": 0.812566988210075,
        "ndcg_at_k": 0.8350377203493164,
        "avg_latency_ms": 2.134336595331061
      },
      "10": {
        "questions": 622,
        "hit_at_k": 0.9292604501607717,
        "mrr": 0.8163719185423366,
        "ndcg_at_k": 0.8440379635029244,
        "avg_latency_ms": 2.1297509227639777
      }
    },
    "Dense": {
      "1": {
        "questions": 622,
        "hit_at_k": 0.5192926045016077,
        "mrr": 0.5192926045016077,
        "ndcg_at_k": 0.5192926045016077,
        "avg_latency_ms": 15.288965565536525
      },
      "3": {
        "questions": 622,
        "hit_at_k": 0.6720257234726688,
        "mrr": 0.5894962486602359,
        "ndcg_at_k": 0.6108150197060208,
        "avg_latency_ms": 15.422929501703003
      },
      "5": {
        "questions": 622,
        "hit_at_k": 0.7315112540192926,
        "mrr": 0.6036441586280814,
        "ndcg_at_k": 0.6357696070572582,
        "avg_latency_ms": 15.577878838996822
      },
      "10": {
        "questions": 622,
        "hit_at_k": 0.792604501607717,
        "mrr": 0.611851809319655,
        "ndcg_at_k": 0.6555812792595375,
        "avg_latency_ms": 16.245261530425186
      }
    },
    "Hybrid": {
      "1": {
        "questions": 622,
        "hit_at_k": 0.7315112540192926,
        "mrr": 0.7315112540192926,
        "ndcg_at_k": 0.7315112540192926,
        "avg_latency_ms": 20.73724134598703
      },
      "3": {
        "questions": 622,
        "hit_at_k": 0.8794212218649518,
        "mrr": 0.7993033226152197,
        "ndcg_at_k": 0.8199905996727179,
        "avg_latency_ms": 20.60126288104473
      },
      "5": {
        "questions": 622,
        "hit_at_k": 0.9131832797427653,
        "mrr": 0.8066988210075027,
        "ndcg_at_k": 0.8336151960692392,
        "avg_latency_ms": 20.923449854050926
      },
      "10": {
        "questions": 622,
        "hit_at_k": 0.9405144694533762,
        "mrr": 0.8126059051702139,
        "ndcg_at_k": 0.8439885637365365,
        "avg_latency_ms": 21.87184013903195
      }
    }
  },
  "hierarchical": {
    "3": {
      "questions": 622,
      "child_hit_at_k": 0.8215434083601286,
      "section_hit_at_k": 0.9308681672025724,
      "section_and_child_hit": 0.8215434083601286,
      "section_only_hit": 0.10932475884244373,
      "complete_miss": 0.06913183279742766,
      "mrr": 0.7837620578778135,
      "avg_latency_ms": 24.35424314269802
    },
    "5": {
      "questions": 622,
      "child_hit_at_k": 0.8344051446945338,
      "section_hit_at_k": 0.9501607717041801,
      "section_and_child_hit": 0.8344051446945338,
      "section_only_hit": 0.1157556270096463,
      "complete_miss": 0.04983922829581994,
      "mrr": 0.7868971061093247,
      "avg_latency_ms": 24.74689489884461
    },
    "10": {
      "questions": 622,
      "child_hit_at_k": 0.8504823151125402,
      "section_hit_at_k": 0.9726688102893891,
      "section_and_child_hit": 0.8504823151125402,
      "section_only_hit": 0.12218649517684887,
      "complete_miss": 0.027331189710610933,
      "mrr": 0.7891377022405961,
      "avg_latency_ms": 25.290150176035613
    }
  },
  "neighbor": {
    "3": {
      "questions": 622,
      "child_hit_at_k": 0.8778135048231511,
      "avg_latency_ms": 24.604355888774354
    },
    "5": {
      "questions": 622,
      "child_hit_at_k": 0.8938906752411575,
      "avg_latency_ms": 24.581168090604198
    },
    "10": {
      "questions": 622,
      "child_hit_at_k": 0.9131832797427653,
      "avg_latency_ms": 24.692854763740836
    }
  }
}