Retriever,Recall@1,Recall@5,Recall@10,MRR,Rank of Expected Chunk
BM25,0.0033783783783783786,0.013513513513513514,0.02364864864864865,0.014184636626659112,401.44256756756755
Vector,0.0,0.0033783783783783786,0.006756756756756757,0.00934471267626078,40.828125
