{
  "flat": {
    "BM25": {
      "1": {
        "questions": 622,
        "hit_at_k": 0.7556270096463023,
        "mrr": 0.7556270096463023,
        "ndcg_at_k": 0.7556270096463023,
        "avg_latency_ms": 2.251866625261065
      },
      "3": {
        "questions": 622,
        "hit_at_k": 0.8697749196141479,
        "mrr": 0.804930332261522,
        "ndcg_at_k": 0.8215418804662399,
        "avg_latency_ms": 2.0076604996107137
      },
      "5": {
        "questions": 622,
        "hit_at_k": 0.9019292604501608,
        "mrr": 0.812566988210075,
        "ndcg_at_k": 0.8350377203493164,
        "avg_latency_ms": 2.108198776148661
      },
      "10": {
        "questions": 622,
        "hit_at_k": 0.9292604501607717,
        "mrr": 0.8163719185423366,
        "ndcg_at_k": 0.8440379635029244,
        "avg_latency_ms": 1.9767801271724572
      }
    },
    "Dense": {
      "1": {
        "questions": 622,
        "hit_at_k": 0.5192926045016077,
        "mrr": 0.5192926045016077,
        "ndcg_at_k": 0.5192926045016077,
        "avg_latency_ms": 14.000618557439715
      },
      "3": {
        "questions": 622,
        "hit_at_k": 0.6720257234726688,
        "mrr": 0.5894962486602359,
        "ndcg_at_k": 0.6108150197060208,
        "avg_latency_ms": 13.810922650933279
      },
      "5": {
        "questions": 622,
        "hit_at_k": 0.7315112540192926,
        "mrr": 0.6036441586280814,
        "ndcg_at_k": 0.6357696070572582,
        "avg_latency_ms": 13.913232095584863
      },
      "10": {
        "questions": 622,
        "hit_at_k": 0.792604501607717,
        "mrr": 0.611851809319655,
        "ndcg_at_k": 0.6555812792595375,
        "avg_latency_ms": 14.420368771276129
      }
    },
    "Hybrid": {
      "1": {
        "questions": 622,
        "hit_at_k": 0.729903536977492,
        "mrr": 0.729903536977492,
        "ndcg_at_k": 0.729903536977492,
        "avg_latency_ms": 18.862695462724353
      },
      "3": {
        "questions": 622,
        "hit_at_k": 0.8778135048231511,
        "mrr": 0.7979635584137191,
        "ndcg_at_k": 0.8185933806270128,
        "avg_latency_ms": 19.55290142394538
      },
      "5": {
        "questions": 622,
        "hit_at_k": 0.9147909967845659,
        "mrr": 0.8060825294748124,
        "ndcg_at_k": 0.8335323329163122,
        "avg_latency_ms": 19.27138730728066
      },
      "10": {
        "questions": 622,
        "hit_at_k": 0.9389067524115756,
        "mrr": 0.8115072985249834,
        "ndcg_at_k": 0.8428190162852938,
        "avg_latency_ms": 20.125841149173894
      }
    }
  },
  "hierarchical": {
    "3": {
      "questions": 622,
      "child_hit_at_k": 0.8215434083601286,
      "section_hit_at_k": 0.9308681672025724,
      "section_and_child_hit": 0.8215434083601286,
      "section_only_hit": 0.10932475884244373,
      "complete_miss": 0.06913183279742766,
      "mrr": 0.7837620578778135,
      "avg_latency_ms": 23.69977623084635
    },
    "5": {
      "questions": 622,
      "child_hit_at_k": 0.8344051446945338,
      "section_hit_at_k": 0.9501607717041801,
      "section_and_child_hit": 0.8344051446945338,
      "section_only_hit": 0.1157556270096463,
      "complete_miss": 0.04983922829581994,
      "mrr": 0.7868971061093247,
      "avg_latency_ms": 24.44160813795121
    },
    "10": {
      "questions": 622,
      "child_hit_at_k": 0.8504823151125402,
      "section_hit_at_k": 0.9726688102893891,
      "section_and_child_hit": 0.8504823151125402,
      "section_only_hit": 0.12218649517684887,
      "complete_miss": 0.027331189710610933,
      "mrr": 0.7891377022405961,
      "avg_latency_ms": 23.928197665756546
    }
  },
  "neighbor": {
    "3": {
      "questions": 622,
      "child_hit_at_k": 0.8778135048231511,
      "avg_latency_ms": 23.017227803770574
    },
    "5": {
      "questions": 622,
      "child_hit_at_k": 0.8938906752411575,
      "avg_latency_ms": 23.005438804958867
    },
    "10": {
      "questions": 622,
      "child_hit_at_k": 0.9131832797427653,
      "avg_latency_ms": 23.118534215506603
    }
  }
}