type,count,mean,std,min,25%,50%,75%,max
parent_section,14.0,5611.142857142857,2471.9588264290405,2621.0,3642.5,5332.0,6246.5,10563.0
section,26.0,1243.576923076923,734.411338315357,23.0,567.0,1279.5,1946.75,2319.0
section_fragment,106.0,837.0566037735849,205.15744616727804,80.0,782.0,932.5,969.5,1000.0
